{
  "compilerVersion": 3,
  "name": "testTemplate",
  "description": "A template I will be using for testing purposes. The template contains almost all features supported by the compiler, making it act as some form of benchmark.",
  "author": "Chiel Bruin",
  "license": "N/A (yet)",
  "extraData": [
    {
      "name": "abba", "content": "Some text that goes here if you like"
    },
    {
      "name": "baab", "content": "This is another exmple text part thingy"
    }
  ],
  "requiredFields": [
    {
      "name": "invoiceID", "desc": "The id given to this invoice"
    },
    {
      "name": "projectID", "desc": "The id given to this project"
    }
  ],
  "requiredGroups": {
	"hours":  ["description", "vatPercentage(vat)", "duration(unit)", "wage(unitPrice)"],
	"expenses": ["description", "price(unitPrice)", "vatPercentage(vat)"],
	"travel" : ["description", "price(unitPrice)", "distance(unit)", "vatPercentage(vat)", "from", "to"]
  }
}
