{
  "compilerVersion": 3,
  "name": "Extended Simple",
  "description": "A simple template containing a section for hours, one for expenses and one for traveling. It also includes a summary with totals at the end",
  "author": "Chiel Bruin",
  "license": "N/A (yet)",
  "extraData": [],
  "requiredFields": [
    {
      "name": "invoiceID", "desc": "The id given to this invoice"
    },
    {
      "name": "projectID", "desc": "The id given to this project"
    }
  ],
  "requiredGroups": {
	"hours":  ["description", "vatPercentage(vat)", "duration(unit)", "wage(unitPrice)"],
	"expenses": ["description", "price(unitPrice)", "vatPercentage(vat)"],
	"travel" : ["description", "price(unitPrice)", "distance(unit)", "vatPercentage(vat)", "from", "to"]
  },
  "requiredPackages": ["inputenc", "babel", "enumitem", "graphicx", "tabularx", "booktabs", "fix-cm", "hyperref", "eurosym"]
}
