{
  "compilerVersion": 3,
  "name": "Simple",
  "description": "A simple template containing only the hours section.",
  "author": "Chiel Bruin",
  "license": "N/A (yet)",
  "extraData": [],
  "requiredFields": [
    {
      "name": "invoiceID", "desc": "The id given to this invoice"
    },
    {
      "name": "projectID", "desc": "The id given to this project"
    }
  ],
  "requiredGroups": {
	"hours":  ["description", "vatPercentage(vat)", "duration(unit)", "wage(unitPrice)"]
  },
  "requiredPackages": ["inputenc", "babel", "enumitem", "graphicx", "tabularx", "booktabs", "fix-cm", "hyperref", "eurosym"]
}
